{"cameraMode":{"drawMode":0,"name":"Shaded","section":"Shading Mode"},"sceneLighting":true,"audioPlay":false,"sceneViewState":{"m_AlwaysRefresh":false,"showFog":true,"showSkybox":true,"showFlares":true,"showImageEffects":true,"showParticleSystems":true,"showVisualEffectGraphs":true,"m_FxEnabled":true},"in2DMode":false,"pivot":{"x":1.569826602935791,"y":2.076592445373535,"z":2.8539578914642336},"rotation":{"x":-0.2997664511203766,"y":0.10333885252475739,"z":-0.032684605568647388,"w":-0.9478453397750855},"size":1.6441969871520997,"orthographic":false}